HCPCS_Code,BOC_Category,Description,Quantity,Estimated_Unit_Cost,Total_Cost,Medicare_Rate,Priority_Score,Source,Customers,Profit_Margin_%,Profit_Per_Unit,Total_Revenue_Potential,Total_Profit_Potential
E0607,DM06,HOME BLOOD GLUCOSE MONITOR,25,100.0,2500.0,93.36,90,CUSTOMER,"MOYHINOR, WALTERS",-7.112253641816624,-6.640000000000001,2334.0,-166.0
L1902,OR03,"ANKLE ORTHOSIS, ANKLE GAUNTLET OR SIMILAR, WITH OR WITHOUT JOINTS, PREFABRICATED, OFF-THE-SHELF",20,40.0,800.0,117.69,80,CUSTOMER,DR_NAS,66.01240547200273,77.69,2353.8,1553.8
E0130,M05,"WALKER, RIGID (PICKUP), ADJUSTABLE OR FIXED HEIGHT",5,100.0,500.0,53.39,70,CUSTOMER,RAMBOM,-87.30099269526129,-46.61,266.95,-233.05
K0001,M06,STANDARD WHEELCHAIR,2,400.0,800.0,23.1,70,CUSTOMER,MOYHINOR,-1631.6017316017312,-376.9,46.2,-753.8
A4253,DM06,"BLOOD GLUCOSE TEST OR REAGENT STRIPS FOR HOME BLOOD GLUCOSE MONITOR, PER 50 STRIPS",1500,0.5,750.0,8.32,70,CUSTOMER,WALTERS,93.99038461538461,7.82,12480.0,11730.0
E0143,M05,"WALKER, FOLDING, WHEELED, ADJUSTABLE OR FIXED HEIGHT",3,200.0,600.0,54.75,70,CUSTOMER,RAMBOM,-265.29680365296804,-145.25,164.25,-435.75
A4259,DM06,"LANCETS, PER BOX OF 100",1000,0.2,200.0,1.42,70,CUSTOMER,WALTERS,85.91549295774648,1.22,1420.0,1220.0
A6455,S01,"SELF-ADHERENT BANDAGE, ELASTIC, NON-KNITTED/NON-WOVEN, WIDTH GREATER THAN OR EQUAL TO FIVE INCHES, PER YARD",3,1.17,3.51,1.95,60,LAUNCH_INVENTORY,,40.0,0.78,5.85,2.34
B4150,PE03,"ENTERAL FORMULA, NUTRITIONALLY COMPLETE WITH INTACT NUTRIENTS, INCLUDES PROTEINS, FATS, CARBOHYDRATES, VITAMINS AND MINERALS, MAY INCLUDE FIBER, ADMINISTERED THROUGH AN ENTERAL FEEDING TUBE, 100 CALORIES = 1 UNIT",40,30.0,1200.0,0.46,60,CUSTOMER,RAMBOM,-6421.739130434783,-29.54,18.400000000000002,-1181.6
A6441,S01,"PADDING BANDAGE, NON-ELASTIC, NON-WOVEN/NON-KNITTED, WIDTH GREATER THAN OR EQUAL TO THREE INCHES AND LESS THAN FIVE INCHES, PER YARD",3,0.57,1.71,0.95,60,LAUNCH_INVENTORY,,40.0,0.38,2.8499999999999996,1.1400000000000001
A6456,S01,"ZINC PASTE IMPREGNATED BANDAGE, NON-ELASTIC, KNITTED/WOVEN, WIDTH GREATER THAN OR EQUAL TO THREE INCHES AND LESS THAN FIVE INCHES, PER YARD",3,1.05,3.1500000000000004,1.75,60,LAUNCH_INVENTORY,,40.0,0.7,5.25,2.0999999999999996
A6451,S01,"MODERATE COMPRESSION BANDAGE, ELASTIC, KNITTED/WOVEN, LOAD RESISTANCE OF 1.25 TO 1.34 FOOT POUNDS AT 50% MAXIMUM STRETCH, WIDTH GREATER THAN OR EQUAL TO THREE INCHES AND LESS THAN FIVE INCHES, PER YARD",3,1.47,4.41,2.45,60,LAUNCH_INVENTORY,,40.00000000000001,0.9800000000000002,7.3500000000000005,2.9400000000000004
A6450,S01,"LIGHT COMPRESSION BANDAGE, ELASTIC, KNITTED/WOVEN, WIDTH GREATER THAN OR EQUAL TO FIVE INCHES, PER YARD",3,1.47,4.41,2.45,60,LAUNCH_INVENTORY,,40.00000000000001,0.9800000000000002,7.3500000000000005,2.9400000000000004
A6576,S04,"GRADIENT  COMPRESSION ARM SLEEVE, CUSTOM, MEDIUM WEIGHT, EACH",3,114.018,342.054,190.03,60,LAUNCH_INVENTORY,,40.0,76.012,570.09,228.036
A6535,S01,"GRADIENT COMPRESSION STOCKING, THIGH LENGTH, 40 MMHG OR GREATER, EACH",3,42.138,126.41399999999999,70.23,60,LAUNCH_INVENTORY,,40.00000000000001,28.092000000000006,210.69,84.27600000000001
A6534,S01,"GRADIENT COMPRESSION STOCKING, THIGH LENGTH, 30-40 MMHG, EACH",3,36.6,109.80000000000001,61.0,60,LAUNCH_INVENTORY,,40.0,24.4,183.0,73.19999999999999
A6447,S01,"CONFORMING BANDAGE, NON-ELASTIC, KNITTED/WOVEN, STERILE, WIDTH GREATER THAN OR EQUAL TO FIVE INCHES, PER YARD",3,0.57,1.71,0.95,60,LAUNCH_INVENTORY,,40.0,0.38,2.8499999999999996,1.1400000000000001
A6453,S01,"SELF-ADHERENT BANDAGE, ELASTIC, NON-KNITTED/NON-WOVEN, WIDTH LESS THAN THREE INCHES, PER YARD",3,0.528,1.584,0.88,60,LAUNCH_INVENTORY,,40.0,0.352,2.64,1.056
A6452,S01,"HIGH COMPRESSION BANDAGE, ELASTIC, KNITTED/WOVEN, LOAD RESISTANCE GREATER THAN OR EQUAL TO 1.35 FOOT POUNDS AT 50% MAXIMUM STRETCH, WIDTH GREATER THAN OR EQUAL TO THREE INCHES AND LESS THAN FIVE INCHES, PER YARD",3,4.944,14.832,8.24,60,LAUNCH_INVENTORY,,40.0,3.2960000000000003,24.72,9.888000000000002
A4360,PD09,"DISPOSABLE EXTERNAL URETHRAL CLAMP OR COMPRESSION DEVICE, WITH PAD AND/OR POUCH, EACH",3,0.354,1.0619999999999998,0.59,60,LAUNCH_INVENTORY,,40.0,0.236,1.77,0.708
A6449,S01,"LIGHT COMPRESSION BANDAGE, ELASTIC, KNITTED/WOVEN, WIDTH GREATER THAN OR EQUAL TO THREE INCHES AND LESS THAN FIVE INCHES, PER YARD",3,1.47,4.41,2.45,60,LAUNCH_INVENTORY,,40.00000000000001,0.9800000000000002,7.3500000000000005,2.9400000000000004
A6021,S01,"COLLAGEN DRESSING, STERILE, SIZE 16 SQ. IN. OR LESS, EACH",3,17.628,52.884,29.38,60,LAUNCH_INVENTORY,,40.0,11.751999999999999,88.14,35.256
A6011,S01,"COLLAGEN BASED WOUND FILLER, GEL/PASTE, PER GRAM OF COLLAGEN",3,1.914,5.742,3.19,60,LAUNCH_INVENTORY,,40.0,1.276,9.57,3.8280000000000003
A6010,S01,"COLLAGEN BASED WOUND FILLER, DRY FORM, STERILE, PER GRAM OF COLLAGEN",3,25.962,77.886,43.27,60,LAUNCH_INVENTORY,,40.0,17.308000000000003,129.81,51.92400000000001
A6203,S01,"COMPOSITE DRESSING, STERILE, PAD SIZE 16 SQ. IN. OR LESS, WITH ANY SIZE ADHESIVE BORDER, EACH DRESSING",3,2.826,8.478,4.71,60,LAUNCH_INVENTORY,,40.0,1.884,14.129999999999999,5.651999999999999
A4463,S01,"SURGICAL DRESSING HOLDER, REUSABLE, EACH",3,11.16,33.480000000000004,18.6,60,LAUNCH_INVENTORY,,40.0,7.440000000000001,55.800000000000004,22.320000000000004
A4461,S01,"SURGICAL DRESSING HOLDER, NON-REUSABLE, EACH",3,2.766,8.298,4.61,60,LAUNCH_INVENTORY,,40.0,1.8440000000000003,13.830000000000002,5.532000000000001
A6402,S01,"GAUZE, NON-IMPREGNATED, STERILE, PAD SIZE 16 SQ. IN. OR LESS, WITHOUT ADHESIVE BORDER, EACH DRESSING",3,0.09,0.27,0.15,60,LAUNCH_INVENTORY,,40.0,0.06,0.44999999999999996,0.18
A6448,S01,"LIGHT COMPRESSION BANDAGE, ELASTIC, KNITTED/WOVEN, WIDTH LESS THAN THREE INCHES, PER YARD",3,0.966,2.8979999999999997,1.61,60,LAUNCH_INVENTORY,,40.00000000000001,0.6440000000000001,4.83,1.9320000000000004
A6578,S04,"GRADIENT  COMPRESSION ARM SLEEVE, EACH",3,46.47599999999999,139.42799999999997,77.46,60,LAUNCH_INVENTORY,,40.00000000000001,30.984,232.38,92.952
A6577,S04,"GRADIENT  COMPRESSION ARM SLEEVE, CUSTOM, HEAVY WEIGHT, EACH",3,94.368,283.104,157.28,60,LAUNCH_INVENTORY,,40.0,62.912000000000006,471.84000000000003,188.73600000000002
A6533,S04,"GRADIENT COMPRESSION STOCKING, THIGH LENGTH, 18-30 MMHG, EACH",3,32.052,96.156,53.42,60,LAUNCH_INVENTORY,,40.0,21.368000000000002,160.26,64.10400000000001
A6589,S04,"GRADIENT PRESSURE WRAP WITH ADJUSTABLE STRAPS, BRA, EACH",3,56.24399999999999,168.73199999999997,93.74,60,LAUNCH_INVENTORY,,40.0,37.496,281.21999999999997,112.488
A6588,S04,"GRADIENT COMPRESSION WRAP WITH ADJUSTABLE STRAPS, ARM, EACH",3,142.476,427.428,237.46,60,LAUNCH_INVENTORY,,40.0,94.98400000000001,712.38,284.952
A6587,S04,"GRADIENT COMPRESSION WRAP WITH ADJUSTABLE STRAPS, FOOT, EACH",3,42.75,128.25,71.25,60,LAUNCH_INVENTORY,,40.0,28.5,213.75,85.5
A4452,S01,"TAPE, WATERPROOF, PER 18 SQUARE INCHES",3,0.294,0.8819999999999999,0.49,60,LAUNCH_INVENTORY,,40.0,0.196,1.47,0.5880000000000001
A6022,S01,"COLLAGEN DRESSING, STERILE, SIZE MORE THAN 16 SQ. IN. BUT LESS THAN OR EQUAL TO 48 SQ. IN., EACH",3,17.628,52.884,29.38,60,LAUNCH_INVENTORY,,40.0,11.751999999999999,88.14,35.256
K0019,M06A,"ARM PAD, REPLACEMENT ONLY, EACH",3,10.488,31.464,17.48,60,LAUNCH_INVENTORY,,40.0,6.992000000000001,52.44,20.976000000000003
K0018,M06A,"DETACHABLE, ADJUSTABLE HEIGHT ARMREST, UPPER PORTION, REPLACEMENT ONLY, EACH",3,19.482,58.446,32.47,60,LAUNCH_INVENTORY,,40.0,12.988,97.41,38.964
K0017,M06A,"DETACHABLE, ADJUSTABLE HEIGHT ARMREST, BASE, REPLACEMENT ONLY, EACH",3,34.47,103.41,57.45,60,LAUNCH_INVENTORY,,40.0,22.980000000000004,172.35000000000002,68.94000000000001
E2212,M06A,"MANUAL WHEELCHAIR ACCESSORY, TUBE FOR PNEUMATIC PROPULSION TIRE, ANY SIZE, EACH",3,3.7859999999999996,11.357999999999999,6.31,60,LAUNCH_INVENTORY,,40.0,2.524,18.93,7.572
E2228,M06A,"MANUAL WHEELCHAIR ACCESSORY, WHEEL BRAKING SYSTEM AND LOCK, COMPLETE, EACH",3,62.309999999999995,186.92999999999998,103.85,60,LAUNCH_INVENTORY,,40.0,41.54,311.54999999999995,124.62
K0045,M06A,"FOOTREST, COMPLETE ASSEMBLY, REPLACEMENT ONLY, EACH",3,40.10999999999999,120.32999999999998,66.85,60,LAUNCH_INVENTORY,,40.00000000000001,26.740000000000002,200.54999999999998,80.22
K0039,M06A,"LEG STRAP, H STYLE, EACH",3,36.989999999999995,110.96999999999998,61.65,60,LAUNCH_INVENTORY,,40.00000000000001,24.660000000000004,184.95,73.98000000000002
E2226,M06A,"MANUAL WHEELCHAIR ACCESSORY, CASTER FORK, ANY SIZE, REPLACEMENT ONLY, EACH",3,25.482,76.446,42.47,60,LAUNCH_INVENTORY,,40.0,16.988,127.41,50.964
K0044,M06A,"FOOTREST, UPPER HANGER BRACKET, REPLACEMENT ONLY, EACH",3,12.024,36.071999999999996,20.04,60,LAUNCH_INVENTORY,,40.0,8.016,60.12,24.048000000000002
K0043,M06A,"FOOTREST, LOWER EXTENSION TUBE, REPLACEMENT ONLY, EACH",3,14.016,42.048,23.36,60,LAUNCH_INVENTORY,,40.0,9.344,70.08,28.031999999999996
K0042,M06A,"STANDARD SIZE FOOTPLATE, REPLACEMENT ONLY, EACH",3,22.704,68.112,37.84,60,LAUNCH_INVENTORY,,40.0,15.136000000000003,113.52000000000001,45.40800000000001
A6533,S01,"GRADIENT COMPRESSION STOCKING, THIGH LENGTH, 18-30 MMHG, EACH",3,32.052,96.156,53.42,60,LAUNCH_INVENTORY,,40.0,21.368000000000002,160.26,64.10400000000001
A6457,S01,"TUBULAR DRESSING WITH OR WITHOUT ELASTIC, ANY WIDTH, PER LINEAR YARD",3,0.954,2.862,1.59,60,LAUNCH_INVENTORY,,40.00000000000001,0.6360000000000001,4.7700000000000005,1.9080000000000004
A6531,S01,"GRADIENT COMPRESSION STOCKING, BELOW KNEE, 30-40 MMHG, USED AS A SURGICAL DRESSING, EACH",3,36.27,108.81,60.45,60,LAUNCH_INVENTORY,,40.0,24.18,181.35000000000002,72.53999999999999
A6530,S01,"GRADIENT COMPRESSION STOCKING, BELOW KNEE, 18-30 MMHG, EACH",3,22.823999999999998,68.472,38.04,60,LAUNCH_INVENTORY,,40.0,15.216000000000001,114.12,45.648
K0020,M06A,"FIXED, ADJUSTABLE HEIGHT ARMREST, PAIR",3,33.57,100.71000000000001,55.95,60,LAUNCH_INVENTORY,,40.0,22.380000000000003,167.85000000000002,67.14000000000001
E2222,M06A,"MANUAL WHEELCHAIR ACCESSORY, SOLID (RUBBER/PLASTIC) CASTER TIRE WITH INTEGRATED WHEEL, ANY SIZE, REPLACEMENT ONLY, EACH",3,14.238,42.714,23.73,60,LAUNCH_INVENTORY,,40.0,9.492,71.19,28.476000000000003
E2221,M06A,"MANUAL WHEELCHAIR ACCESSORY, SOLID (RUBBER/PLASTIC) CASTER TIRE (REMOVABLE), ANY SIZE, REPLACEMENT ONLY, EACH",3,17.238,51.714,28.73,60,LAUNCH_INVENTORY,,40.0,11.492,86.19,34.476
E2220,M06A,"MANUAL WHEELCHAIR ACCESSORY, SOLID (RUBBER/PLASTIC) PROPULSION TIRE, ANY SIZE, REPLACEMENT ONLY, EACH",3,17.982,53.946,29.97,60,LAUNCH_INVENTORY,,40.0,11.988,89.91,35.964
E2219,M06A,"MANUAL WHEELCHAIR ACCESSORY, FOAM CASTER TIRE, ANY SIZE, EACH",3,23.982,71.946,39.97,60,LAUNCH_INVENTORY,,40.0,15.988,119.91,47.964
E2214,M06A,"MANUAL WHEELCHAIR ACCESSORY, PNEUMATIC CASTER TIRE, ANY SIZE, EACH",3,19.476,58.428,32.46,60,LAUNCH_INVENTORY,,40.0,12.984000000000002,97.38,38.952000000000005
E2213,M06A,"MANUAL WHEELCHAIR ACCESSORY, INSERT FOR PNEUMATIC PROPULSION TIRE (REMOVABLE), ANY TYPE, ANY SIZE, EACH",3,18.738,56.214,31.23,60,LAUNCH_INVENTORY,,40.0,12.492,93.69,37.476
E0953,M06A,"WHEELCHAIR ACCESSORY, LATERAL THIGH OR KNEE SUPPORT, ANY TYPE INCLUDING FIXED MOUNTING HARDWARE, EACH",3,52.284,156.852,87.14,60,LAUNCH_INVENTORY,,40.0,34.856,261.42,104.56800000000001
K0015,M06A,"DETACHABLE, NON-ADJUSTABLE HEIGHT ARMREST, REPLACEMENT ONLY, EACH",3,8.094,24.281999999999996,13.49,60,LAUNCH_INVENTORY,,40.00000000000001,5.396000000000001,40.47,16.188000000000002
E2216,M06A,"MANUAL WHEELCHAIR ACCESSORY, FOAM FILLED PROPULSION TIRE, ANY SIZE, EACH",3,30.599999999999998,91.8,51.0,60,LAUNCH_INVENTORY,,40.0,20.400000000000002,153.0,61.2
E2215,M06A,"MANUAL WHEELCHAIR ACCESSORY, TUBE FOR PNEUMATIC CASTER TIRE, ANY SIZE, EACH",3,6.75,20.25,11.25,60,LAUNCH_INVENTORY,,40.0,4.5,33.75,13.5
K0195,M06A,"ELEVATING LEG RESTS, PAIR (FOR USE WITH CAPPED RENTAL WHEELCHAIR BASE)",3,6.3,18.9,10.5,60,LAUNCH_INVENTORY,,40.0,4.2,31.5,12.600000000000001
E0995,M06A,"WHEELCHAIR ACCESSORY, CALF REST/PAD, REPLACEMENT ONLY, EACH",3,18.672,56.016000000000005,31.12,60,LAUNCH_INVENTORY,,40.0,12.448,93.36,37.344
E0952,M06A,"TOE LOOP/HOLDER, ANY TYPE, EACH",3,12.114,36.342,20.19,60,LAUNCH_INVENTORY,,40.0,8.076,60.57000000000001,24.228
E0951,M06A,"HEEL LOOP/HOLDER, ANY TYPE, WITH OR WITHOUT ANKLE STRAP, EACH",3,7.83,23.490000000000002,13.05,60,LAUNCH_INVENTORY,,40.0,5.220000000000001,39.150000000000006,15.660000000000002
E0950,M06A,"WHEELCHAIR ACCESSORY, TRAY, EACH",3,48.708000000000006,146.12400000000002,81.18,60,LAUNCH_INVENTORY,,40.0,32.472,243.54000000000002,97.416
E0705,M06A,"TRANSFER DEVICE, ANY TYPE, EACH",3,29.982,89.946,49.97,60,LAUNCH_INVENTORY,,40.0,19.988,149.91,59.964
E0981,M06A,"WHEELCHAIR ACCESSORY, SEAT UPHOLSTERY, REPLACEMENT ONLY, EACH",3,30.366,91.098,50.61,60,LAUNCH_INVENTORY,,40.0,20.244,151.82999999999998,60.732
E0974,M06A,"MANUAL WHEELCHAIR ACCESSORY, ANTI-ROLLBACK DEVICE, EACH",3,42.918,128.754,71.53,60,LAUNCH_INVENTORY,,40.0,28.612000000000002,214.59,85.83600000000001
E0971,M06A,"MANUAL WHEELCHAIR ACCESSORY, ANTI-TIPPING DEVICE, EACH",3,20.25,60.75,33.75,60,LAUNCH_INVENTORY,,40.0,13.5,101.25,40.5
E0978,M06A,"WHEELCHAIR ACCESSORY, POSITIONING BELT/SAFETY BELT/PELVIC STRAP, EACH",3,15.312,45.936,25.52,60,LAUNCH_INVENTORY,,40.0,10.208,76.56,30.624000000000002
E2211,M06A,"MANUAL WHEELCHAIR ACCESSORY, PNEUMATIC PROPULSION TIRE, ANY SIZE, EACH",3,20.418,61.254,34.03,60,LAUNCH_INVENTORY,,40.0,13.612000000000002,102.09,40.836000000000006
E2227,M06A,"MANUAL WHEELCHAIR ACCESSORY, GEAR REDUCTION DRIVE WHEEL, EACH",3,150.78,452.34000000000003,251.3,60,LAUNCH_INVENTORY,,40.0,100.52000000000001,753.9000000000001,301.56000000000006
E2225,M06A,"MANUAL WHEELCHAIR ACCESSORY, CASTER WHEEL EXCLUDES TIRE, ANY SIZE, REPLACEMENT ONLY, EACH",3,11.585999999999999,34.757999999999996,19.31,60,LAUNCH_INVENTORY,,40.0,7.724,57.92999999999999,23.172
E2224,M06A,"MANUAL WHEELCHAIR ACCESSORY, PROPULSION WHEEL EXCLUDES TIRE, ANY SIZE, REPLACEMENT ONLY, EACH",3,60.708,182.124,101.18,60,LAUNCH_INVENTORY,,40.00000000000001,40.47200000000001,303.54,121.41600000000003
E0961,M06A,"MANUAL WHEELCHAIR ACCESSORY, WHEEL LOCK BRAKE EXTENSION (HANDLE), EACH",3,11.982,35.946,19.97,60,LAUNCH_INVENTORY,,40.0,7.9879999999999995,59.91,23.964
E0954,M06A,"WHEELCHAIR ACCESSORY, FOOT BOX, ANY TYPE, INCLUDES ATTACHMENT AND MOUNTING HARDWARE, EACH FOOT",3,38.034,114.102,63.39,60,LAUNCH_INVENTORY,,40.0,25.356,190.17000000000002,76.06800000000001
E0988,M06A,"MANUAL WHEELCHAIR ACCESSORY, LEVER-ACTIVATED, WHEEL DRIVE, PAIR",3,241.296,723.8879999999999,402.16,60,LAUNCH_INVENTORY,,40.00000000000001,160.86400000000003,1206.48,482.5920000000001
E0982,M06A,"WHEELCHAIR ACCESSORY, BACK UPHOLSTERY, REPLACEMENT ONLY, EACH",3,31.644,94.93199999999999,52.74,60,LAUNCH_INVENTORY,,40.00000000000001,21.096000000000004,158.22,63.28800000000001
A6244,S01,"HYDROGEL DRESSING, WOUND COVER, STERILE, PAD SIZE MORE THAN 48 SQ. IN., WITHOUT ADHESIVE BORDER, EACH DRESSING",3,32.934,98.80199999999999,54.89,60,LAUNCH_INVENTORY,,40.00000000000001,21.956000000000003,164.67000000000002,65.86800000000001
A6242,S01,"HYDROGEL DRESSING, WOUND COVER, STERILE, PAD SIZE 16 SQ. IN. OR LESS, WITHOUT ADHESIVE BORDER, EACH DRESSING",3,5.0760000000000005,15.228000000000002,8.46,60,LAUNCH_INVENTORY,,40.0,3.3840000000000003,25.380000000000003,10.152000000000001
A6241,S01,"HYDROCOLLOID DRESSING, WOUND FILLER, DRY FORM, STERILE, PER GRAM",3,2.154,6.462,3.59,60,LAUNCH_INVENTORY,,40.0,1.436,10.77,4.308
A6240,S01,"HYDROCOLLOID DRESSING, WOUND FILLER, PASTE, STERILE, PER OUNCE",3,10.266,30.798000000000002,17.11,60,LAUNCH_INVENTORY,,40.0,6.843999999999999,51.33,20.531999999999996
A6237,S01,"HYDROCOLLOID DRESSING, WOUND COVER, STERILE, PAD SIZE 16 SQ. IN. OR LESS, WITH ANY SIZE ADHESIVE BORDER, EACH DRESSING",3,6.63,19.89,11.05,60,LAUNCH_INVENTORY,,40.0,4.420000000000001,33.150000000000006,13.260000000000002
A6236,S01,"HYDROCOLLOID DRESSING, WOUND COVER, STERILE, PAD SIZE MORE THAN 48 SQ. IN., WITHOUT ADHESIVE BORDER, EACH DRESSING",3,22.842,68.526,38.07,60,LAUNCH_INVENTORY,,40.0,15.228000000000002,114.21000000000001,45.684000000000005
A6235,S01,"HYDROCOLLOID DRESSING, WOUND COVER, STERILE, PAD SIZE MORE THAN 16 SQ. IN. BUT LESS THAN OR EQUAL TO 48 SQ. IN., WITHOUT ADHESIVE BORDER, EACH DRESSING",3,14.1,42.3,23.5,60,LAUNCH_INVENTORY,,40.0,9.4,70.5,28.200000000000003
A6570,S04,"GRADIENT COMPRESSION GARMENT, GENITAL REGION, EACH",3,66.17999999999999,198.53999999999996,110.3,60,LAUNCH_INVENTORY,,40.00000000000001,44.120000000000005,330.9,132.36
A6569,S04,"GRADIENT COMPRESSION GARMENT, TORSO/SHOULDER, CUSTOM, EACH",3,553.11,1659.33,921.85,60,LAUNCH_INVENTORY,,40.0,368.74,2765.55,1106.22
A6568,S04,"GRADIENT COMPRESSION GARMENT, TORSO AND SHOULDER, EACH",3,97.13399999999999,291.40199999999993,161.89,60,LAUNCH_INVENTORY,,40.0,64.756,485.66999999999996,194.268
A6583,S04,"GRADIENT COMPRESSION WRAP WITH ADJUSTABLE STRAPS, BELOW KNEE, EACH",3,93.55199999999999,280.65599999999995,155.92,60,LAUNCH_INVENTORY,,40.0,62.367999999999995,467.76,187.10399999999998
A6582,S04,"GRADIENT COMPRESSION GAUNTLET, EACH",3,28.439999999999998,85.32,47.4,60,LAUNCH_INVENTORY,,40.0,18.96,142.2,56.88
A6581,S04,"GRADIENT COMPRESSION GLOVE, EACH",3,42.641999999999996,127.92599999999999,71.07,60,LAUNCH_INVENTORY,,40.0,28.427999999999997,213.20999999999998,85.28399999999999
A6580,S04,"GRADIENT  COMPRESSION GLOVE, CUSTOM, HEAVY WEIGHT, EACH",3,181.66799999999998,545.0039999999999,302.78,60,LAUNCH_INVENTORY,,40.0,121.112,908.3399999999999,363.336
A6579,S04,"GRADIENT COMPRESSION GLOVE, CUSTOM, MEDIUM WEIGHT, EACH",3,183.01199999999997,549.036,305.02,60,LAUNCH_INVENTORY,,40.00000000000001,122.00800000000001,915.06,366.024
A6229,S01,"GAUZE, IMPREGNATED, WATER OR NORMAL SALINE, STERILE, PAD SIZE MORE THAN 16 SQ. IN. BUT LESS THAN OR EQUAL TO 48 SQ. IN., WITHOUT ADHESIVE BORDER, EACH DRESSING",3,3.0180000000000002,9.054,5.03,60,LAUNCH_INVENTORY,,40.0,2.012,15.09,6.036
A6224,S01,"GAUZE, IMPREGNATED WITH OTHER THAN WATER, NORMAL SALINE, OR HYDROGEL, STERILE, PAD SIZE MORE THAN 48 SQ. IN., WITHOUT ADHESIVE BORDER, EACH DRESSING",3,3.0180000000000002,9.054,5.03,60,LAUNCH_INVENTORY,,40.0,2.012,15.09,6.036
A6223,S01,"GAUZE, IMPREGNATED WITH OTHER THAN WATER, NORMAL SALINE, OR HYDROGEL, STERILE, PAD SIZE MORE THAN 16 SQ. IN., BUT LESS THAN OR EQUAL TO 48 SQ. IN., WITHOUT ADHESIVE BORDER, EACH DRESSING",3,2.034,6.101999999999999,3.39,60,LAUNCH_INVENTORY,,40.00000000000001,1.3560000000000003,10.17,4.068000000000001
A6222,S01,"GAUZE, IMPREGNATED WITH OTHER THAN WATER, NORMAL SALINE, OR HYDROGEL, STERILE, PAD SIZE 16 SQ. IN. OR LESS, WITHOUT ADHESIVE BORDER, EACH DRESSING",3,1.788,5.364,2.98,60,LAUNCH_INVENTORY,,40.0,1.192,8.94,3.5759999999999996
A6220,S01,"GAUZE, NON-IMPREGNATED, STERILE, PAD SIZE MORE THAN 16 SQ. IN. BUT LESS THAN OR EQUAL TO 48 SQ. IN., WITH ANY SIZE ADHESIVE BORDER, EACH DRESSING",3,2.172,6.516,3.62,60,LAUNCH_INVENTORY,,40.0,1.448,10.86,4.343999999999999
A6238,S01,"HYDROCOLLOID DRESSING, WOUND COVER, STERILE, PAD SIZE MORE THAN 16 SQ. IN. BUT LESS THAN OR EQUAL TO 48 SQ. IN., WITH ANY SIZE ADHESIVE BORDER, EACH DRESSING",3,19.116,57.348,31.86,60,LAUNCH_INVENTORY,,40.0,12.744,95.58,38.232
A6216,S01,"GAUZE, NON-IMPREGNATED, NON-STERILE, PAD SIZE 16 SQ. IN. OR LESS, WITHOUT ADHESIVE BORDER, EACH DRESSING",3,0.03,0.09,0.05,60,LAUNCH_INVENTORY,,40.00000000000001,0.020000000000000004,0.15000000000000002,0.06000000000000001
A6534,S04,"GRADIENT COMPRESSION STOCKING, THIGH LENGTH, 30-40 MMHG, EACH",3,36.6,109.80000000000001,61.0,60,LAUNCH_INVENTORY,,40.0,24.4,183.0,73.19999999999999
A6522,S04,"GRADIENT COMPRESSION GARMENT, ARM, PADDED, FOR NIGHTTIME USE, EACH",3,179.508,538.524,299.18,60,LAUNCH_INVENTORY,,40.0,119.672,897.54,359.01599999999996
A6521,S04,"GRADIENT COMPRESSION GARMENT, GLOVE, PADDED, FOR NIGHTTIME USE, CUSTOM, EACH",3,293.13599999999997,879.4079999999999,488.56,60,LAUNCH_INVENTORY,,40.00000000000001,195.42400000000004,1465.68,586.2720000000002
A6520,S04,"GRADIENT COMPRESSION GARMENT, GLOVE, PADDED, FOR NIGHTTIME USE, EACH",3,73.878,221.63400000000001,123.13,60,LAUNCH_INVENTORY,,40.0,49.251999999999995,369.39,147.75599999999997
A6535,S04,"GRADIENT COMPRESSION STOCKING, THIGH LENGTH, 40 MMHG OR GREATER, EACH",3,42.138,126.41399999999999,70.23,60,LAUNCH_INVENTORY,,40.00000000000001,28.092000000000006,210.69,84.27600000000001
A6536,S04,"GRADIENT COMPRESSION STOCKING, FULL LENGTH/CHAP STYLE, 18-30 MMHG, EACH",3,43.206,129.618,72.01,60,LAUNCH_INVENTORY,,40.0,28.804000000000002,216.03000000000003,86.412
A6545,S01,"GRADIENT COMPRESSION WRAP, NON-ELASTIC, BELOW KNEE, 30-50 MMHG, USED AS A SURGICAL DRESSING, EACH",3,71.41799999999999,214.25399999999996,119.03,60,LAUNCH_INVENTORY,,40.00000000000001,47.61200000000001,357.09000000000003,142.836
A4450,S01,"TAPE, NON-WATERPROOF, PER 18 SQUARE INCHES",3,0.06,0.18,0.1,60,LAUNCH_INVENTORY,,40.00000000000001,0.04000000000000001,0.30000000000000004,0.12000000000000002
A6023,S01,"COLLAGEN DRESSING, STERILE, SIZE MORE THAN 48 SQ. IN., EACH",3,159.54,478.62,265.9,60,LAUNCH_INVENTORY,,40.0,106.35999999999999,797.6999999999999,319.0799999999999
K0041,M06A,"LARGE SIZE FOOTPLATE, EACH",3,35.352,106.05599999999998,58.92,60,LAUNCH_INVENTORY,,40.00000000000001,23.568000000000005,176.76,70.70400000000001
K0040,M06A,"ADJUSTABLE ANGLE FOOTPLATE, EACH",3,33.612,100.83600000000001,56.02,60,LAUNCH_INVENTORY,,40.0,22.408,168.06,67.224
K0038,M06A,"LEG STRAP, EACH",3,17.226,51.678,28.71,60,LAUNCH_INVENTORY,,40.0,11.484000000000002,86.13,34.452000000000005
K0071,M06A,"FRONT CASTER ASSEMBLY, COMPLETE, WITH PNEUMATIC TIRE, REPLACEMENT ONLY, EACH",3,70.446,211.338,117.41,60,LAUNCH_INVENTORY,,40.0,46.964,352.23,140.892
A6529,S04,"GRADIENT COMPRESSION GARMENT, BRA, FOR NIGHTTIME USE, CUSTOM, EACH",3,615.2159999999999,1845.6479999999997,1025.36,60,LAUNCH_INVENTORY,,40.0,410.144,3076.08,1230.432
A6530,S04,"GRADIENT COMPRESSION STOCKING, BELOW KNEE, 18-30 MMHG, EACH",3,22.823999999999998,68.472,38.04,60,LAUNCH_INVENTORY,,40.0,15.216000000000001,114.12,45.648
A6537,S04,"GRADIENT COMPRESSION STOCKING, FULL LENGTH/CHAP STYLE, 30-40 MMHG, EACH",3,51.222,153.666,85.37,60,LAUNCH_INVENTORY,,40.0,34.148,256.11,102.44400000000002
A6538,S04,"GRADIENT COMPRESSION STOCKING, FULL LENGTH/CHAP STYLE, 40 MMHG OR GREATER, EACH",3,59.97,179.91,99.95,60,LAUNCH_INVENTORY,,40.0,39.980000000000004,299.85,119.94000000000001
A6528,S04,"GRADIENT COMPRESSION GARMENT, BRA, FOR NIGHTTIME USE, EACH",3,389.34,1168.02,648.9,60,LAUNCH_INVENTORY,,40.0,259.56,1946.6999999999998,778.6800000000001
A6527,S04,"GRADIENT COMPRESSION GARMENT, FULL LEG AND FOOT, PADDED, FOR NIGHTTIME USE, CUSTOM, EACH",3,744.564,2233.692,1240.94,60,LAUNCH_INVENTORY,,40.00000000000001,496.3760000000001,3722.82,1489.1280000000002
A6526,S04,"GRADIENT COMPRESSION GARMENT, FULL LEG AND FOOT, PADDED, FOR NIGHTTIME USE, EACH",3,404.904,1214.712,674.84,60,LAUNCH_INVENTORY,,40.0,269.93600000000004,2024.52,809.8080000000001
A6541,S04,"GRADIENT COMPRESSION STOCKING, WAIST LENGTH, 40 MMHG OR GREATER, EACH",3,80.748,242.24400000000003,134.58,60,LAUNCH_INVENTORY,,40.0,53.83200000000001,403.74,161.49600000000004
A6154,S01,"WOUND POUCH, EACH",3,12.054,36.162,20.09,60,LAUNCH_INVENTORY,,40.0,8.036,60.269999999999996,24.107999999999997
A6024,S01,"COLLAGEN DRESSING WOUND FILLER, STERILE, PER 6 INCHES",3,5.184,15.552,8.64,60,LAUNCH_INVENTORY,,40.0,3.4560000000000004,25.92,10.368000000000002
A6211,S01,"FOAM DRESSING, WOUND COVER, STERILE, PAD SIZE MORE THAN 48 SQ. IN., WITHOUT ADHESIVE BORDER, EACH DRESSING",3,24.624,73.872,41.04,60,LAUNCH_INVENTORY,,40.0,16.416,123.12,49.248000000000005
A6553,S04,"GRADIENT COMPRESSION STOCKING, BELOW KNEE, 30-40 MMHG, CUSTOM, EACH",3,132.258,396.774,220.43,60,LAUNCH_INVENTORY,,40.0,88.172,661.29,264.51599999999996
A6567,S04,"GRADIENT COMPRESSION GARMENT, NECK/HEAD, CUSTOM, EACH",3,467.628,1402.884,779.38,60,LAUNCH_INVENTORY,,40.0,311.752,2338.14,935.2560000000001
A6605,S04,"GRADIENT COMPRESSION BANDAGING SUPPLY, PADDED FOAM, PER LINEAR YARD, ANY WIDTH, EACH",3,0.9179999999999999,2.7539999999999996,1.53,60,LAUNCH_INVENTORY,,40.00000000000001,0.6120000000000001,4.59,1.8360000000000003
A6197,S01,"ALGINATE OR OTHER FIBER GELLING DRESSING, WOUND COVER, STERILE, PAD SIZE MORE THAN 16 SQ. IN. BUT LESS THAN OR EQUAL TO 48 SQ. IN., EACH DRESSING",3,13.788,41.364000000000004,22.98,60,LAUNCH_INVENTORY,,40.0,9.192,68.94,27.576
A6196,S01,"ALGINATE OR OTHER FIBER GELLING DRESSING, WOUND COVER, STERILE, PAD SIZE 16 SQ. IN. OR LESS, EACH DRESSING",3,6.167999999999999,18.503999999999998,10.28,60,LAUNCH_INVENTORY,,40.0,4.112,30.839999999999996,12.336
A6557,S04,"GRADIENT COMPRESSION STOCKING, THIGH LENGTH, 30-40 MMHG, CUSTOM, EACH",3,181.254,543.762,302.09,60,LAUNCH_INVENTORY,,40.0,120.83599999999998,906.27,362.5079999999999
A6556,S04,"GRADIENT COMPRESSION STOCKING, THIGH LENGTH, 18-30 MMHG, CUSTOM, EACH",3,181.254,543.762,302.09,60,LAUNCH_INVENTORY,,40.0,120.83599999999998,906.27,362.5079999999999
A6555,S04,"GRADIENT COMPRESSION STOCKING, BELOW KNEE, 40 MMHG OR GREATER, CUSTOM, EACH",3,132.258,396.774,220.43,60,LAUNCH_INVENTORY,,40.0,88.172,661.29,264.51599999999996
A6554,S04,"GRADIENT COMPRESSION STOCKING, BELOW KNEE, 40 MMHG OR GREATER, EACH",3,46.572,139.716,77.62,60,LAUNCH_INVENTORY,,40.0,31.048000000000002,232.86,93.144
A6575,S04,"GRADIENT  COMPRESSION ARM SLEEVE AND GLOVE COMBINATION, EACH",3,60.204,180.612,100.34,60,LAUNCH_INVENTORY,,40.0,40.136,301.02,120.40800000000002
A6574,S04,"GRADIENT COMPRESSION ARM SLEEVE AND GLOVE COMBINATION, CUSTOM, EACH",3,185.778,557.334,309.63,60,LAUNCH_INVENTORY,,40.0,123.852,928.89,371.55600000000004
A6573,S04,"GRADIENT COMPRESSION GARMENT, TOE CAPS, CUSTOM, EACH",3,145.722,437.16600000000005,242.87,60,LAUNCH_INVENTORY,,40.0,97.148,728.61,291.44399999999996
A6572,S04,"GRADIENT COMPRESSION GARMENT, TOE CAPS, EACH",3,61.41,184.23,102.35,60,LAUNCH_INVENTORY,,40.0,40.94,307.04999999999995,122.82
A6571,S04,"GRADIENT COMPRESSION GARMENT, GENITAL REGION, CUSTOM, EACH",3,397.764,1193.292,662.94,60,LAUNCH_INVENTORY,,40.0,265.17600000000004,1988.8200000000002,795.5280000000001
A6552,S04,"GRADIENT COMPRESSION STOCKING, BELOW KNEE, 30-40 MMHG, EACH",3,33.87,101.60999999999999,56.45,60,LAUNCH_INVENTORY,,40.00000000000001,22.580000000000005,169.35000000000002,67.74000000000001
A6566,S04,"GRADIENT COMPRESSION GARMENT, NECK/HEAD, EACH",3,148.83,446.49,248.05,60,LAUNCH_INVENTORY,,40.0,99.22,744.1500000000001,297.65999999999997
A6565,S04,"GRADIENT COMPRESSION GAUNTLET, CUSTOM, EACH",3,102.504,307.512,170.84,60,LAUNCH_INVENTORY,,40.0,68.336,512.52,205.00799999999998
A6564,S04,"GRADIENT COMPRESSION STOCKING, WAIST LENGTH, 40 MMHG OR GREATER, CUSTOM, EACH",3,639.012,1917.0359999999998,1065.02,60,LAUNCH_INVENTORY,,40.0,426.00800000000004,3195.06,1278.0240000000001
A6563,S04,"GRADIENT COMPRESSION STOCKING, WAIST LENGTH, 30-40 MMHG, CUSTOM, EACH",3,593.208,1779.6239999999998,988.68,60,LAUNCH_INVENTORY,,40.0,395.472,2966.04,1186.416
A6562,S04,"GRADIENT COMPRESSION STOCKING, WAIST LENGTH, 18-30 MMHG, CUSTOM, EACH",3,593.208,1779.6239999999998,988.68,60,LAUNCH_INVENTORY,,40.0,395.472,2966.04,1186.416
A6558,S04,"GRADIENT COMPRESSION STOCKING, THIGH LENGTH, 40 MMHG OR GREATER, CUSTOM, EACH",3,187.04999999999998,561.15,311.75,60,LAUNCH_INVENTORY,,40.00000000000001,124.70000000000002,935.25,374.1
A6231,S01,"GAUZE, IMPREGNATED, HYDROGEL, FOR DIRECT WOUND CONTACT, STERILE, PAD SIZE 16 SQ. IN. OR LESS, EACH DRESSING",3,3.918,11.754000000000001,6.53,60,LAUNCH_INVENTORY,,40.0,2.612,19.59,7.836
A6243,S01,"HYDROGEL DRESSING, WOUND COVER, STERILE, PAD SIZE MORE THAN 16 SQ. IN. BUT LESS THAN OR EQUAL TO 48 SQ. IN., WITHOUT ADHESIVE BORDER, EACH DRESSING",3,10.331999999999999,30.995999999999995,17.22,60,LAUNCH_INVENTORY,,40.0,6.888,51.66,20.664
A6604,S04,"GRADIENT COMPRESSION BANDAGING SUPPLY, LOW DENSITY FLAT FOAM SHEET, PER 250 SQUARE CENTIMETERS, EACH",3,0.804,2.412,1.34,60,LAUNCH_INVENTORY,,40.0,0.536,4.0200000000000005,1.608
A6603,S04,"GRADIENT COMPRESSION BANDAGING SUPPLY, LOW DENSITY CHANNEL FOAM SHEET, PER 250 SQUARE CENTIMETERS, EACH",3,1.38,4.14,2.3,60,LAUNCH_INVENTORY,,40.0,0.9199999999999999,6.8999999999999995,2.76
A6541,S01,"GRADIENT COMPRESSION STOCKING, WAIST LENGTH, 40 MMHG OR GREATER, EACH",3,80.748,242.24400000000003,134.58,60,LAUNCH_INVENTORY,,40.0,53.83200000000001,403.74,161.49600000000004
A6540,S01,"GRADIENT COMPRESSION STOCKING, WAIST LENGTH, 30-40 MMHG, EACH",3,68.166,204.498,113.61,60,LAUNCH_INVENTORY,,40.0,45.444,340.83,136.332
A6525,S04,"GRADIENT COMPRESSION GARMENT, LOWER LEG AND FOOT, PADDED, FOR NIGHTTIME USE, CUSTOM, EACH",3,452.12999999999994,1356.3899999999999,753.55,60,LAUNCH_INVENTORY,,40.0,301.42,2260.6499999999996,904.26
A6524,S04,"GRADIENT COMPRESSION GARMENT, LOWER LEG AND FOOT, PADDED, FOR NIGHTTIME USE, EACH",3,223.956,671.8679999999999,373.26,60,LAUNCH_INVENTORY,,40.0,149.304,1119.78,447.91200000000003
A6523,S04,"GRADIENT COMPRESSION GARMENT, ARM, PADDED, FOR NIGHTTIME USE, CUSTOM, EACH",3,425.91,1277.73,709.85,60,LAUNCH_INVENTORY,,40.0,283.94,2129.55,851.8199999999999
A6532,S01,"GRADIENT COMPRESSION STOCKING, BELOW KNEE, 40-50 MMHG, USED AS A SURGICAL DRESSING, EACH",3,51.108000000000004,153.324,85.18,60,LAUNCH_INVENTORY,,40.0,34.072,255.54000000000002,102.21600000000001
A6540,S04,"GRADIENT COMPRESSION STOCKING, WAIST LENGTH, 30-40 MMHG, EACH",3,68.166,204.498,113.61,60,LAUNCH_INVENTORY,,40.0,45.444,340.83,136.332
A6539,S04,"GRADIENT COMPRESSION STOCKING, WAIST LENGTH, 18-30 MMHG, EACH",3,57.174,171.522,95.29,60,LAUNCH_INVENTORY,,40.0,38.11600000000001,285.87,114.34800000000001
A6214,S01,"FOAM DRESSING, WOUND COVER, STERILE, PAD SIZE MORE THAN 48 SQ. IN., WITH ANY SIZE ADHESIVE BORDER, EACH DRESSING",3,8.634,25.902,14.39,60,LAUNCH_INVENTORY,,40.0,5.756,43.17,17.268
A6212,S01,"FOAM DRESSING, WOUND COVER, STERILE, PAD SIZE 16 SQ. IN. OR LESS, WITH ANY SIZE ADHESIVE BORDER, EACH DRESSING",3,8.142,24.426,13.57,60,LAUNCH_INVENTORY,,40.00000000000001,5.428000000000001,40.71,16.284000000000002
A6210,S01,"FOAM DRESSING, WOUND COVER, STERILE, PAD SIZE MORE THAN 16 SQ. IN. BUT LESS THAN OR EQUAL TO 48 SQ. IN., WITHOUT ADHESIVE BORDER, EACH DRESSING",3,16.704,50.112,27.84,60,LAUNCH_INVENTORY,,40.0,11.136,83.52,33.408
A6209,S01,"FOAM DRESSING, WOUND COVER, STERILE, PAD SIZE 16 SQ. IN. OR LESS, WITHOUT ADHESIVE BORDER, EACH DRESSING",3,6.263999999999999,18.791999999999998,10.44,60,LAUNCH_INVENTORY,,40.0,4.176,31.32,12.528
A6207,S01,"CONTACT LAYER, STERILE, MORE THAN 16 SQ. IN. BUT LESS THAN OR EQUAL TO 48 SQ. IN., EACH DRESSING",3,6.156,18.468,10.26,60,LAUNCH_INVENTORY,,40.0,4.104,30.78,12.312000000000001
A6204,S01,"COMPOSITE DRESSING, STERILE, PAD SIZE MORE THAN 16 SQ. IN. BUT LESS THAN OR EQUAL TO 48 SQ. IN., WITH ANY SIZE ADHESIVE BORDER, EACH DRESSING",3,5.2139999999999995,15.642,8.69,60,LAUNCH_INVENTORY,,40.0,3.476,26.07,10.428
A6219,S01,"GAUZE, NON-IMPREGNATED, STERILE, PAD SIZE 16 SQ. IN. OR LESS, WITH ANY SIZE ADHESIVE BORDER, EACH DRESSING",3,0.798,2.394,1.33,60,LAUNCH_INVENTORY,,40.0,0.532,3.99,1.596
A6601,S04,"GRADIENT COMPRESSION BANDAGING SUPPLY, HIGH DENSITY FOAM PAD, ANY SIZE OR SHAPE, EACH",3,2.016,6.048,3.36,60,LAUNCH_INVENTORY,,40.0,1.3439999999999999,10.08,4.032
A6586,S04,"GRADIENT COMPRESSION WRAP WITH ADJUSTABLE STRAPS, FULL LEG, EACH",3,326.34,979.02,543.9,60,LAUNCH_INVENTORY,,40.0,217.56,1631.6999999999998,652.6800000000001
A6585,S04,"GRADIENT COMPRESSION WRAP WITH ADJUSTABLE STRAPS, ABOVE KNEE, EACH",3,110.772,332.31600000000003,184.62,60,LAUNCH_INVENTORY,,40.0,73.848,553.86,221.54399999999998
A6602,S04,"GRADIENT COMPRESSION BANDAGING SUPPLY, HIGH DENSITY FOAM ROLL FOR BANDAGE, PER LINEAR YARD, ANY WIDTH, EACH",3,2.94,8.82,4.9,60,LAUNCH_INVENTORY,,40.00000000000001,1.9600000000000004,14.700000000000001,5.880000000000001
A6199,S01,"ALGINATE OR OTHER FIBER GELLING DRESSING, WOUND FILLER, STERILE, PER 6 INCHES",3,4.422,13.265999999999998,7.37,60,LAUNCH_INVENTORY,,40.0,2.9480000000000004,22.11,8.844000000000001
A6600,S04,"GRADIENT COMPRESSION BANDAGING SUPPLY, HIGH DENSITY FOAM SHEET, PER 250 SQUARE CENTIMETERS, EACH",3,1.794,5.382,2.99,60,LAUNCH_INVENTORY,,40.0,1.1960000000000002,8.97,3.5880000000000005
A6599,S04,"GRADIENT COMPRESSION BANDAGE ROLL, INELASTIC SHORT STRETCH, PER LINEAR YARD, ANY WIDTH, EACH",3,0.9959999999999999,2.9879999999999995,1.66,60,LAUNCH_INVENTORY,,40.0,0.664,4.9799999999999995,1.992
A6598,S04,"GRADIENT COMPRESSION BANDAGE ROLL, ELASTIC MEDIUM STRETCH, PER LINEAR YARD, ANY WIDTH, EACH",3,0.438,1.314,0.73,60,LAUNCH_INVENTORY,,40.0,0.292,2.19,0.8759999999999999
A6594,S04,"GRADIENT COMPRESSION BANDAGING SUPPLY, BANDAGE LINER, LOWER EXTREMITY, ANY SIZE OR LENGTH, EACH",3,20.478,61.434000000000005,34.13,60,LAUNCH_INVENTORY,,40.0,13.652000000000001,102.39000000000001,40.956
A6234,S01,"HYDROCOLLOID DRESSING, WOUND COVER, STERILE, PAD SIZE 16 SQ. IN. OR LESS, WITHOUT ADHESIVE BORDER, EACH DRESSING",3,5.49,16.47,9.15,60,LAUNCH_INVENTORY,,40.0,3.66,27.450000000000003,10.98
A6233,S01,"GAUZE, IMPREGNATED, HYDROGEL, FOR DIRECT WOUND CONTACT, STERILE, PAD SIZE MORE THAN 48 SQ. IN., EACH DRESSING",3,16.073999999999998,48.221999999999994,26.79,60,LAUNCH_INVENTORY,,40.00000000000001,10.716000000000001,80.37,32.148
A6232,S01,"GAUZE, IMPREGNATED, HYDROGEL, FOR DIRECT WOUND CONTACT, STERILE, PAD SIZE GREATER THAN 16 SQ. IN., BUT LESS THAN OR EQUAL TO 48 SQ. IN., EACH DRESSING",3,5.754,17.262,9.59,60,LAUNCH_INVENTORY,,40.0,3.8360000000000003,28.77,11.508000000000001
A6246,S01,"HYDROGEL DRESSING, WOUND COVER, STERILE, PAD SIZE MORE THAN 16 SQ. IN. BUT LESS THAN OR EQUAL TO 48 SQ. IN., WITH ANY SIZE ADHESIVE BORDER, EACH DRESSING",3,8.328,24.983999999999998,13.88,60,LAUNCH_INVENTORY,,40.00000000000001,5.552000000000001,41.64,16.656000000000006
A6595,S04,"GRADIENT COMPRESSION BANDAGING SUPPLY, BANDAGE LINER, UPPER EXTREMITY, ANY SIZE OR LENGTH, EACH",3,20.142,60.426,33.57,60,LAUNCH_INVENTORY,,40.0,13.428,100.71000000000001,40.284000000000006
A6596,S04,"GRADIENT COMPRESSION BANDAGING SUPPLY, CONFORMING GAUZE, PER LINEAR YARD, ANY WIDTH, EACH",3,0.108,0.324,0.18,60,LAUNCH_INVENTORY,,40.0,0.072,0.54,0.21599999999999997
A6597,S04,"GRADIENT COMPRESSION BANDAGE ROLL, ELASTIC LONG STRETCH, LINEAR YARD, ANY WIDTH, EACH",3,0.9059999999999999,2.718,1.51,60,LAUNCH_INVENTORY,,40.00000000000001,0.6040000000000001,4.53,1.8120000000000003
A6245,S01,"HYDROGEL DRESSING, WOUND COVER, STERILE, PAD SIZE 16 SQ. IN. OR LESS, WITH ANY SIZE ADHESIVE BORDER, EACH DRESSING",3,6.096,18.288,10.16,60,LAUNCH_INVENTORY,,40.0,4.064,30.48,12.192
A6606,S04,"GRADIENT COMPRESSION BANDAGING SUPPLY, PADDED TEXTILE, PER LINEAR YARD, ANY WIDTH, EACH",3,2.73,8.19,4.55,60,LAUNCH_INVENTORY,,40.0,1.8199999999999998,13.649999999999999,5.459999999999999
A6610,S04,"GRADIENT COMPRESSION STOCKING, BELOW KNEE, 18-30 MMHG, CUSTOM, EACH",3,132.258,396.774,220.43,60,LAUNCH_INVENTORY,,40.0,88.172,661.29,264.51599999999996
A6607,S04,"GRADIENT COMPRESSION BANDAGING SUPPLY, TUBULAR PROTECTIVE ABSORPTION LAYER, PER LINEAR YARD, ANY WIDTH, EACH",3,0.732,2.1959999999999997,1.22,60,LAUNCH_INVENTORY,,40.0,0.488,3.66,1.464
A6608,S04,"GRADIENT COMPRESSION BANDAGING SUPPLY, TUBULAR PROTECTIVE ABSORPTION PADDED LAYER, PER LINEAR YARD, ANY WIDTH, EACH",3,3.0420000000000003,9.126000000000001,5.07,60,LAUNCH_INVENTORY,,40.0,2.028,15.21,6.084
A6253,S01,"SPECIALTY ABSORPTIVE DRESSING, WOUND COVER, STERILE, PAD SIZE MORE THAN 48 SQ. IN., WITHOUT ADHESIVE BORDER, EACH DRESSING",3,5.31,15.93,8.85,60,LAUNCH_INVENTORY,,40.0,3.54,26.549999999999997,10.620000000000001
A6252,S01,"SPECIALTY ABSORPTIVE DRESSING, WOUND COVER, STERILE, PAD SIZE MORE THAN 16 SQ. IN. BUT LESS THAN OR EQUAL TO 48 SQ. IN., WITHOUT ADHESIVE BORDER, EACH DRESSING",3,2.73,8.19,4.55,60,LAUNCH_INVENTORY,,40.0,1.8199999999999998,13.649999999999999,5.459999999999999
A6251,S01,"SPECIALTY ABSORPTIVE DRESSING, WOUND COVER, STERILE, PAD SIZE 16 SQ. IN. OR LESS, WITHOUT ADHESIVE BORDER, EACH DRESSING",3,1.668,5.004,2.78,60,LAUNCH_INVENTORY,,40.0,1.1119999999999999,8.34,3.3359999999999994
A6248,S01,"HYDROGEL DRESSING, WOUND FILLER, GEL, PER FLUID OUNCE",3,13.62,40.86,22.7,60,LAUNCH_INVENTORY,,40.0,9.08,68.1,27.240000000000002
A6539,S01,"GRADIENT COMPRESSION STOCKING, WAIST LENGTH, 18-30 MMHG, EACH",3,57.174,171.522,95.29,60,LAUNCH_INVENTORY,,40.0,38.11600000000001,285.87,114.34800000000001
A4333,PD09,"URINARY CATHETER ANCHORING DEVICE, ADHESIVE SKIN ATTACHMENT, EACH",3,1.8599999999999999,5.58,3.1,60,LAUNCH_INVENTORY,,40.00000000000001,1.2400000000000002,9.3,3.7200000000000006
A4332,PD09,"LUBRICANT, INDIVIDUAL STERILE PACKET, EACH",3,0.09,0.27,0.15,60,LAUNCH_INVENTORY,,40.0,0.06,0.44999999999999996,0.18
A4456,PD09,"ADHESIVE REMOVER, WIPES, ANY TYPE, EACH",3,0.20400000000000001,0.6120000000000001,0.34,60,LAUNCH_INVENTORY,,40.0,0.136,1.02,0.40800000000000003
A6403,S01,"GAUZE, NON-IMPREGNATED, STERILE, PAD SIZE MORE THAN 16 SQ. IN. LESS THAN OR EQUAL TO 48 SQ. IN., WITHOUT ADHESIVE BORDER, EACH DRESSING",3,0.34199999999999997,1.0259999999999998,0.57,60,LAUNCH_INVENTORY,,40.0,0.22799999999999998,1.71,0.6839999999999999
A6247,S01,"HYDROGEL DRESSING, WOUND COVER, STERILE, PAD SIZE MORE THAN 48 SQ. IN., WITH ANY SIZE ADHESIVE BORDER, EACH DRESSING",3,19.938,59.81399999999999,33.23,60,LAUNCH_INVENTORY,,40.0,13.291999999999998,99.69,39.87599999999999
A6266,S01,"GAUZE, IMPREGNATED, OTHER THAN WATER, NORMAL SALINE, OR ZINC PASTE, STERILE, ANY WIDTH, PER LINEAR YARD",3,1.6019999999999999,4.805999999999999,2.67,60,LAUNCH_INVENTORY,,40.0,1.068,8.01,3.204
A6536,S01,"GRADIENT COMPRESSION STOCKING, FULL LENGTH/CHAP STYLE, 18-30 MMHG, EACH",3,43.206,129.618,72.01,60,LAUNCH_INVENTORY,,40.0,28.804000000000002,216.03000000000003,86.412
A6258,S01,"TRANSPARENT FILM, STERILE, MORE THAN 16 SQ. IN. BUT LESS THAN OR EQUAL TO 48 SQ. IN., EACH DRESSING",3,3.6119999999999997,10.835999999999999,6.02,60,LAUNCH_INVENTORY,,40.0,2.408,18.06,7.224
A6257,S01,"TRANSPARENT FILM, STERILE, 16 SQ. IN. OR LESS, EACH DRESSING",3,1.284,3.8520000000000003,2.14,60,LAUNCH_INVENTORY,,40.0,0.8560000000000001,6.42,2.5680000000000005
A6255,S01,"SPECIALTY ABSORPTIVE DRESSING, WOUND COVER, STERILE, PAD SIZE MORE THAN 16 SQ. IN. BUT LESS THAN OR EQUAL TO 48 SQ. IN., WITH ANY SIZE ADHESIVE BORDER, EACH DRESSING",3,2.55,7.6499999999999995,4.25,60,LAUNCH_INVENTORY,,40.0,1.7000000000000002,12.75,5.1000000000000005
A6254,S01,"SPECIALTY ABSORPTIVE DRESSING, WOUND COVER, STERILE, PAD SIZE 16 SQ. IN. OR LESS, WITH ANY SIZE ADHESIVE BORDER, EACH DRESSING",3,1.002,3.0060000000000002,1.67,60,LAUNCH_INVENTORY,,40.0,0.6679999999999999,5.01,2.0039999999999996
A6454,S01,"SELF-ADHERENT BANDAGE, ELASTIC, NON-KNITTED/NON-WOVEN, WIDTH GREATER THAN OR EQUAL TO THREE INCHES AND LESS THAN FIVE INCHES, PER YARD",3,0.66,1.98,1.1,60,LAUNCH_INVENTORY,,40.0,0.44000000000000006,3.3000000000000003,1.3200000000000003
A6446,S01,"CONFORMING BANDAGE, NON-ELASTIC, KNITTED/WOVEN, STERILE, WIDTH GREATER THAN OR EQUAL TO THREE INCHES AND LESS THAN FIVE INCHES, PER YARD",3,0.324,0.972,0.54,60,LAUNCH_INVENTORY,,40.0,0.21600000000000003,1.62,0.6480000000000001
A6445,S01,"CONFORMING BANDAGE, NON-ELASTIC, KNITTED/WOVEN, STERILE, WIDTH LESS THAN THREE INCHES, PER YARD",3,0.264,0.792,0.44,60,LAUNCH_INVENTORY,,40.0,0.176,1.32,0.528
A6444,S01,"CONFORMING BANDAGE, NON-ELASTIC, KNITTED/WOVEN, NON-STERILE, WIDTH GREATER THAN OR EQUAL TO 5 INCHES, PER YARD",3,0.46799999999999997,1.404,0.78,60,LAUNCH_INVENTORY,,40.00000000000001,0.31200000000000006,2.34,0.9360000000000002
A6443,S01,"CONFORMING BANDAGE, NON-ELASTIC, KNITTED/WOVEN, NON-STERILE, WIDTH GREATER THAN OR EQUAL TO THREE INCHES AND LESS THAN FIVE INCHES, PER YARD",3,0.23399999999999999,0.702,0.39,60,LAUNCH_INVENTORY,,40.00000000000001,0.15600000000000003,1.17,0.4680000000000001
A6538,S01,"GRADIENT COMPRESSION STOCKING, FULL LENGTH/CHAP STYLE, 40 MMHG OR GREATER, EACH",3,59.97,179.91,99.95,60,LAUNCH_INVENTORY,,40.0,39.980000000000004,299.85,119.94000000000001
A6537,S01,"GRADIENT COMPRESSION STOCKING, FULL LENGTH/CHAP STYLE, 30-40 MMHG, EACH",3,51.222,153.666,85.37,60,LAUNCH_INVENTORY,,40.0,34.148,256.11,102.44400000000002
A6259,S01,"TRANSPARENT FILM, STERILE, MORE THAN 48 SQ. IN., EACH DRESSING",3,9.168,27.503999999999998,15.28,60,LAUNCH_INVENTORY,,40.0,6.112,45.839999999999996,18.336
A6407,S01,"PACKING STRIPS, NON-IMPREGNATED, STERILE, UP TO 2 INCHES IN WIDTH, PER LINEAR YARD",3,1.5659999999999998,4.6979999999999995,2.61,60,LAUNCH_INVENTORY,,40.0,1.044,7.83,3.132
A6410,S01,"EYE PAD, STERILE, EACH",3,0.312,0.9359999999999999,0.52,60,LAUNCH_INVENTORY,,40.0,0.20800000000000002,1.56,0.6240000000000001
A6442,S01,"CONFORMING BANDAGE, NON-ELASTIC, KNITTED/WOVEN, NON-STERILE, WIDTH LESS THAN THREE INCHES, PER YARD",3,0.138,0.41400000000000003,0.23,60,LAUNCH_INVENTORY,,40.0,0.092,0.6900000000000001,0.276
K0037,M06A,"HIGH MOUNT FLIP-UP FOOTREST, EACH",3,29.573999999999998,88.722,49.29,60,LAUNCH_INVENTORY,,40.0,19.716,147.87,59.148
E1226,M06A,"WHEELCHAIR ACCESSORY, MANUAL FULLY RECLINING BACK, (RECLINE GREATER THAN 80 DEGREES), EACH",3,226.956,680.8679999999999,378.26,60,LAUNCH_INVENTORY,,40.0,151.304,1134.78,453.91200000000003
E1015,M06A,"SHOCK ABSORBER FOR MANUAL WHEELCHAIR, EACH",3,72.69,218.07,121.15,60,LAUNCH_INVENTORY,,40.0,48.46000000000001,363.45000000000005,145.38000000000002
E2206,M06A,"MANUAL WHEELCHAIR ACCESSORY, WHEEL LOCK ASSEMBLY, COMPLETE, REPLACEMENT ONLY, EACH",3,23.232,69.696,38.72,60,LAUNCH_INVENTORY,,40.0,15.488,116.16,46.464
E2205,M06A,"MANUAL WHEELCHAIR ACCESSORY, HANDRIM WITHOUT PROJECTIONS (INCLUDES ERGONOMIC OR CONTOURED), ANY TYPE, REPLACEMENT ONLY, EACH",3,21.732,65.196,36.22,60,LAUNCH_INVENTORY,,40.0,14.488,108.66,43.464
K0070,M06A,"REAR WHEEL ASSEMBLY, COMPLETE, WITH PNEUMATIC TIRE, SPOKES OR MOLDED, REPLACEMENT ONLY, EACH",3,9.852,29.556,16.42,60,LAUNCH_INVENTORY,,40.0,6.568000000000001,49.260000000000005,19.704000000000004
K0069,M06A,"REAR WHEEL ASSEMBLY, COMPLETE, WITH SOLID TIRE, SPOKES OR MOLDED, REPLACEMENT ONLY, EACH",3,59.153999999999996,177.462,98.59,60,LAUNCH_INVENTORY,,40.00000000000001,39.43600000000001,295.77,118.30800000000002
K0056,M06A,"SEAT HEIGHT LESS THAN 17"" OR EQUAL TO OR GREATER THAN 21"" FOR A HIGH STRENGTH, LIGHTWEIGHT, OR ULTRALIGHTWEIGHT WHEELCHAIR",3,58.29,174.87,97.15,60,LAUNCH_INVENTORY,,40.0,38.86000000000001,291.45000000000005,116.58000000000001
K0053,M06A,"ELEVATING FOOTRESTS, ARTICULATING (TELESCOPING), EACH",3,54.138,162.414,90.23,60,LAUNCH_INVENTORY,,40.0,36.092000000000006,270.69,108.27600000000001
K0052,M06A,"SWINGAWAY, DETACHABLE FOOTRESTS, REPLACEMENT ONLY, EACH",3,42.72,128.16,71.2,60,LAUNCH_INVENTORY,,40.0,28.480000000000004,213.60000000000002,85.44000000000001
E1030,M06A,"WHEELCHAIR ACCESSORY, VENTILATOR TRAY, GIMBALED",3,84.19800000000001,252.59400000000002,140.33,60,LAUNCH_INVENTORY,,40.0,56.132000000000005,420.99,168.39600000000002
E2218,M06A,"MANUAL WHEELCHAIR ACCESSORY, FOAM PROPULSION TIRE, ANY SIZE, EACH",3,30.599999999999998,91.8,51.0,60,LAUNCH_INVENTORY,,40.0,20.400000000000002,153.0,61.2
E2217,M06A,"MANUAL WHEELCHAIR ACCESSORY, FOAM FILLED CASTER TIRE, ANY SIZE, EACH",3,27.078,81.234,45.13,60,LAUNCH_INVENTORY,,40.0,18.052000000000003,135.39000000000001,54.156000000000006
E2210,M06A,"WHEELCHAIR ACCESSORY, BEARINGS, ANY TYPE, REPLACEMENT ONLY, EACH",3,3.072,9.216000000000001,5.12,60,LAUNCH_INVENTORY,,40.0,2.048,15.36,6.144
K0046,M06A,"ELEVATING LEGREST, LOWER EXTENSION TUBE, REPLACEMENT ONLY, EACH",3,14.1,42.3,23.5,60,LAUNCH_INVENTORY,,40.0,9.4,70.5,28.200000000000003
K0047,M06A,"ELEVATING LEGREST, UPPER HANGER BRACKET, REPLACEMENT ONLY, EACH",3,49.854,149.562,83.09,60,LAUNCH_INVENTORY,,40.0,33.236000000000004,249.27,99.70800000000001
K0105,M06A,"IV HANGER, EACH",3,62.202,186.606,103.67,60,LAUNCH_INVENTORY,,40.0,41.468,311.01,124.40400000000001
E0990,M06A,"WHEELCHAIR ACCESSORY, ELEVATING LEG REST, COMPLETE ASSEMBLY, EACH",3,42.204,126.612,70.34,60,LAUNCH_INVENTORY,,40.0,28.136000000000003,211.02,84.40800000000002
E2207,M06A,"WHEELCHAIR ACCESSORY, CRUTCH AND CANE HOLDER, EACH",3,29.226,87.678,48.71,60,LAUNCH_INVENTORY,,40.0,19.484,146.13,58.452000000000005
E2208,M06A,"WHEELCHAIR ACCESSORY, CYLINDER TANK CARRIER, EACH",3,43.464,130.392,72.44,60,LAUNCH_INVENTORY,,40.0,28.976,217.32,86.928
E2209,M06A,"ACCESSORY, ARM TROUGH, WITH OR WITHOUT HAND SUPPORT, EACH",3,51.3,153.89999999999998,85.5,60,LAUNCH_INVENTORY,,40.0,34.2,256.5,102.60000000000001
E1020,M06A,"RESIDUAL LIMB SUPPORT SYSTEM FOR WHEELCHAIR, ANY TYPE",3,11.112,33.336,18.52,60,LAUNCH_INVENTORY,,40.0,7.4079999999999995,55.56,22.223999999999997
E1028,M06A,"WHEELCHAIR ACCESSORY, MANUAL SWINGAWAY, RETRACTABLE OR REMOVABLE MOUNTING HARDWARE, OTHER",3,8.892,26.676,14.82,60,LAUNCH_INVENTORY,,40.0,5.928000000000001,44.46,17.784000000000002
K0072,M06A,"FRONT CASTER ASSEMBLY, COMPLETE, WITH SEMI-PNEUMATIC TIRE, REPLACEMENT ONLY, EACH",3,42.72,128.16,71.2,60,LAUNCH_INVENTORY,,40.0,28.480000000000004,213.60000000000002,85.44000000000001
E0570,R07,"NEBULIZER, WITH COMPRESSOR",6,150.0,900.0,5.53,60,CUSTOMER,RAMBOM,-2612.4773960216994,-144.47,33.18,-866.8199999999999
A4554,PD09,"DISPOSABLE UNDERPADS, ALL SIZES",2000,0.125,250.0,,60,CUSTOMER,WALTERS,,,,
A4520,PD09,"INCONTINENCE GARMENT, ANY TYPE, (E.G., BRIEF, DIAPER), EACH",3000,1.1666666666666667,3500.0,,60,CUSTOMER,WALTERS,,,,
E1029,M06A,"WHEELCHAIR ACCESSORY, VENTILATOR TRAY, FIXED",3,26.694,80.082,44.49,60,LAUNCH_INVENTORY,,40.0,17.796000000000003,133.47,53.388000000000005
K0077,M06A,"FRONT CASTER ASSEMBLY, COMPLETE, WITH SOLID TIRE, REPLACEMENT ONLY, EACH",3,30.486,91.458,50.81,60,LAUNCH_INVENTORY,,40.0,20.324,152.43,60.97200000000001
E0110,M01,"CRUTCHES, FOREARM, INCLUDES CRUTCHES OF VARIOUS MATERIALS, ADJUSTABLE OR FIXED, PAIR, COMPLETE WITH TIPS AND HANDGRIPS",2,65.04599999999999,130.09199999999998,108.41,50,LAUNCH_INVENTORY,,40.00000000000001,43.364000000000004,216.82,86.72800000000001
E0140,M05,"WALKER, WITH TRUNK SUPPORT, ADJUSTABLE OR FIXED HEIGHT, ANY TYPE",2,17.016,34.032,28.36,50,LAUNCH_INVENTORY,,40.00000000000001,11.344000000000001,56.72,22.688000000000002
E0155,M05,"WHEEL ATTACHMENT, RIGID PICK-UP WALKER, PER PAIR",2,14.238,28.476,23.73,50,LAUNCH_INVENTORY,,40.0,9.492,47.46,18.984
E0156,M05,"SEAT ATTACHMENT, WALKER",2,9.665999999999999,19.331999999999997,16.11,50,LAUNCH_INVENTORY,,40.00000000000001,6.444000000000001,32.22,12.888000000000002
E1038,M06,"TRANSPORT CHAIR, ADULT SIZE, PATIENT WEIGHT CAPACITY UP TO AND INCLUDING 300 POUNDS",2,8.508,17.016,14.18,50,LAUNCH_INVENTORY,,40.00000000000001,5.672000000000001,28.36,11.344000000000001
E0141,M05,"WALKER, RIGID, WHEELED, ADJUSTABLE OR FIXED HEIGHT",2,45.984,91.968,76.64,50,LAUNCH_INVENTORY,,40.0,30.656,153.28,61.312
E1039,M06,"TRANSPORT CHAIR, ADULT SIZE, HEAVY DUTY, PATIENT WEIGHT CAPACITY GREATER THAN 300 POUNDS",2,22.487999999999996,44.97599999999999,37.48,50,LAUNCH_INVENTORY,,40.00000000000001,14.992,74.96,29.984
K0002,M06,STANDARD HEMI (LOW SEAT) WHEELCHAIR,2,23.232,46.464,38.72,50,LAUNCH_INVENTORY,,40.0,15.488,77.44,30.976
K0004,M06,"HIGH STRENGTH, LIGHTWEIGHT WHEELCHAIR",2,27.395999999999997,54.791999999999994,45.66,50,LAUNCH_INVENTORY,,40.0,18.264,91.32,36.528
K0003,M06,LIGHTWEIGHT WHEELCHAIR,2,19.29,38.58,32.15,50,LAUNCH_INVENTORY,,40.0,12.86,64.3,25.72
E0157,M05,"CRUTCH ATTACHMENT, WALKER, EACH",2,34.038,68.076,56.73,50,LAUNCH_INVENTORY,,40.0,22.692,113.46,45.384
E0158,M05,"LEG EXTENSIONS FOR WALKER, PER SET OF FOUR (4)",2,13.493999999999998,26.987999999999996,22.49,50,LAUNCH_INVENTORY,,40.0,8.996,44.98,17.992
K0006,M06,HEAVY DUTY WHEELCHAIR,2,38.147999999999996,76.29599999999999,63.58,50,LAUNCH_INVENTORY,,40.0,25.432000000000002,127.16,50.864000000000004
E0154,M05,"PLATFORM ATTACHMENT, WALKER, EACH",2,35.604,71.208,59.34,50,LAUNCH_INVENTORY,,40.0,23.736000000000004,118.68,47.47200000000001
E0113,M01,"CRUTCH UNDERARM, WOOD, ADJUSTABLE OR FIXED, EACH, WITH PAD, TIP AND HANDGRIP",2,17.724,35.448,29.54,50,LAUNCH_INVENTORY,,40.0,11.815999999999999,59.08,23.631999999999998
E1037,M06,"TRANSPORT CHAIR, PEDIATRIC SIZE",2,67.758,135.516,112.93,50,LAUNCH_INVENTORY,,40.00000000000001,45.17200000000001,225.86,90.34400000000002
E1031,M06,"ROLLABOUT CHAIR, ANY AND ALL TYPES WITH CASTERS 5"" OR GREATER",2,25.974,51.948,43.29,50,LAUNCH_INVENTORY,,40.0,17.316,86.58,34.632
E0159,M05,"BRAKE ATTACHMENT FOR WHEELED WALKER, REPLACEMENT, EACH",2,8.988,17.976,14.98,50,LAUNCH_INVENTORY,,40.0,5.992000000000001,29.96,11.984000000000002
E0117,M01,"CRUTCH, UNDERARM, ARTICULATING, SPRING ASSISTED, EACH",2,16.146,32.292,26.91,50,LAUNCH_INVENTORY,,40.0,10.764,53.82,21.528
E0153,M01,"PLATFORM ATTACHMENT, FOREARM CRUTCH, EACH",2,58.175999999999995,116.35199999999999,96.96,50,LAUNCH_INVENTORY,,40.0,38.784,193.92,77.568
A4637,M05,"REPLACEMENT, TIP, CANE, CRUTCH, WALKER, EACH.",2,1.284,2.568,2.14,50,LAUNCH_INVENTORY,,40.0,0.8560000000000001,4.28,1.7120000000000002
A4636,M01,"REPLACEMENT, HANDGRIP, CANE, CRUTCH, OR WALKER, EACH",2,2.316,4.632,3.86,50,LAUNCH_INVENTORY,,40.0,1.544,7.72,3.088
E0112,M01,"CRUTCHES UNDERARM, WOOD, ADJUSTABLE OR FIXED, PAIR, WITH PADS, TIPS AND HANDGRIPS",2,31.026,62.052,51.71,50,LAUNCH_INVENTORY,,40.0,20.684,103.42,41.368
E0147,M05,"WALKER, HEAVY DUTY, MULTIPLE BRAKING SYSTEM, VARIABLE WHEEL RESISTANCE",2,287.832,575.664,479.72,50,LAUNCH_INVENTORY,,40.0,191.88800000000003,959.44,383.77600000000007
E0144,M05,"WALKER, ENCLOSED, FOUR SIDED FRAMED, RIGID OR FOLDING, WHEELED WITH POSTERIOR SEAT",2,20.076,40.152,33.46,50,LAUNCH_INVENTORY,,40.0,13.384,66.92,26.768
E0111,M01,"CRUTCH FOREARM, INCLUDES CRUTCHES OF VARIOUS MATERIALS, ADJUSTABLE OR FIXED, EACH, WITH TIP AND HANDGRIPS",2,42.48,84.96,70.8,50,LAUNCH_INVENTORY,,40.0,28.32,141.6,56.64
E0116,M01,"CRUTCH, UNDERARM, OTHER THAN WOOD, ADJUSTABLE OR FIXED, WITH PAD, TIP, HANDGRIP, WITH OR WITHOUT SHOCK ABSORBER, EACH",2,19.77,39.54,32.95,50,LAUNCH_INVENTORY,,40.00000000000001,13.180000000000003,65.9,26.360000000000007
E0114,M01,"CRUTCHES UNDERARM, OTHER THAN WOOD, ADJUSTABLE OR FIXED, PAIR, WITH PADS, TIPS AND HANDGRIPS",2,36.87,73.74,61.45,50,LAUNCH_INVENTORY,,40.00000000000001,24.580000000000005,122.9,49.16000000000001
E0149,M05,"WALKER, HEAVY DUTY, WHEELED, RIGID OR FOLDING, ANY TYPE",2,7.199999999999999,14.399999999999999,12.0,50,LAUNCH_INVENTORY,,40.00000000000001,4.800000000000001,24.0,9.600000000000001
E0148,M05,"WALKER, HEAVY DUTY, WITHOUT WHEELS, RIGID OR FOLDING, ANY TYPE, EACH",2,52.458000000000006,104.91600000000001,87.43,50,LAUNCH_INVENTORY,,40.0,34.972,174.86,69.944
K0007,M06,EXTRA HEAVY DUTY WHEELCHAIR,2,53.154,106.308,88.59,50,LAUNCH_INVENTORY,,40.0,35.436,177.18,70.872
K0009,M06,OTHER MANUAL WHEELCHAIR/BASE,2,59.916,119.832,99.86,50,LAUNCH_INVENTORY,,40.0,39.944,199.72,79.888
E0135,M05,"WALKER, FOLDING (PICKUP), ADJUSTABLE OR FIXED HEIGHT",2,30.816,61.632,51.36,50,LAUNCH_INVENTORY,,40.0,20.544,102.72,41.088
A4635,M01,"UNDERARM PAD, CRUTCH, REPLACEMENT, EACH",2,4.284,8.568,7.14,50,LAUNCH_INVENTORY,,40.0,2.856,14.28,5.712
A4637,M01,"REPLACEMENT, TIP, CANE, CRUTCH, WALKER, EACH.",2,1.284,2.568,2.14,50,LAUNCH_INVENTORY,,40.0,0.8560000000000001,4.28,1.7120000000000002
E0100,M01,"CANE, INCLUDES CANES OF ALL MATERIALS, ADJUSTABLE OR FIXED, WITH TIP",2,17.669999999999998,35.339999999999996,29.45,50,LAUNCH_INVENTORY,,40.0,11.780000000000001,58.9,23.560000000000002
E0105,M01,"CANE, QUAD OR THREE PRONG, INCLUDES CANES OF ALL MATERIALS, ADJUSTABLE OR FIXED, WITH TIPS",2,41.178,82.356,68.63,50,LAUNCH_INVENTORY,,40.0,27.451999999999998,137.26,54.903999999999996
A4233,DM05,"REPLACEMENT BATTERY, ALKALINE (OTHER THAN J CELL), FOR USE WITH MEDICALLY NECESSARY HOME BLOOD GLUCOSE MONITOR OWNED BY PATIENT, EACH",2,0.306,0.612,0.51,50,LAUNCH_INVENTORY,,40.0,0.20400000000000001,1.02,0.40800000000000003
A6230,S01,"GAUZE, IMPREGNATED, WATER OR NORMAL SALINE, STERILE, PAD SIZE MORE THAN 48 SQ. IN., WITHOUT ADHESIVE BORDER, EACH DRESSING",2,14.315056179775281,28.630112359550562,,40,LAUNCH_INVENTORY,,,,,
A6228,S01,"GAUZE, IMPREGNATED, WATER OR NORMAL SALINE, STERILE, PAD SIZE 16 SQ. IN. OR LESS, WITHOUT ADHESIVE BORDER, EACH DRESSING",2,14.315056179775281,28.630112359550562,,40,LAUNCH_INVENTORY,,,,,
A6561,S04,"GRADIENT COMPRESSION STOCKING, FULL LENGTH/CHAP STYLE, 40 MMHG OR GREATER, CUSTOM, EACH",2,156.53271428571426,313.0654285714285,,40,LAUNCH_INVENTORY,,,,,
A6213,S01,"FOAM DRESSING, WOUND COVER, STERILE, PAD SIZE MORE THAN 16 SQ. IN. BUT LESS THAN OR EQUAL TO 48 SQ. IN., WITH ANY SIZE ADHESIVE BORDER, EACH DRESSING",2,14.315056179775281,28.630112359550562,,40,LAUNCH_INVENTORY,,,,,
E1011,M06A,"MODIFICATION TO PEDIATRIC SIZE WHEELCHAIR, WIDTH ADJUSTMENT PACKAGE (NOT TO BE DISPENSED WITH INITIAL CHAIR)",2,37.65557142857143,75.31114285714285,,40,LAUNCH_INVENTORY,,,,,
E2230,M06A,"MANUAL WHEELCHAIR ACCESSORY, MANUAL STANDING SYSTEM",2,37.65557142857143,75.31114285714285,,40,LAUNCH_INVENTORY,,,,,
K0108,M06A,"WHEELCHAIR COMPONENT OR ACCESSORY, NOT OTHERWISE SPECIFIED",2,37.65557142857143,75.31114285714285,,40,LAUNCH_INVENTORY,,,,,
E1017,M06A,"HEAVY DUTY SHOCK ABSORBER FOR HEAVY DUTY OR EXTRA HEAVY DUTY MANUAL WHEELCHAIR, EACH",2,37.65557142857143,75.31114285714285,,40,LAUNCH_INVENTORY,,,,,
E1229,M06,"WHEELCHAIR, PEDIATRIC SIZE, NOT OTHERWISE SPECIFIED",1,32.70218181818181,32.70218181818181,,30,LAUNCH_INVENTORY,,,,,
A9900,M05,"MISCELLANEOUS DME SUPPLY, ACCESSORY, AND/OR SERVICE COMPONENT OF ANOTHER HCPCS CODE",1,40.223625000000006,40.223625000000006,,30,LAUNCH_INVENTORY,,,,,
K0008,M06,CUSTOM MANUAL WHEELCHAIR/BASE,1,32.70218181818181,32.70218181818181,,30,LAUNCH_INVENTORY,,,,,
E0118,M01,"CRUTCH SUBSTITUTE, LOWER LEG PLATFORM, WITH OR WITHOUT WHEELS, EACH",1,27.228461538461534,27.228461538461534,,30,LAUNCH_INVENTORY,,,,,
